Cohort,Model,Log-loss,Brier,AUC,ECE,N
legacy,Legacy-BKT,1.7469645066327255,0.4860895819559207,0.0,0.5907492449305838,2
legacy,Corrected-BKT,1.5374018379928402,0.4877363695456971,0.0,0.6302594851648919,2
corrected,Legacy-BKT,0.14441050032544095,0.025063533039635082,nan,0.1297231960142981,2
corrected,Corrected-BKT,0.235490422972064,0.056629163921795504,nan,0.1991522795409904,2
