{
  "generated_at": "2025-09-03T07:39:08.482747Z",
  "cohorts": {
    "legacy": {
      "legacy": {
        "logloss": 1.7469645066327255,
        "brier": 0.4860895819559207,
        "auc": 0.0,
        "ece": 0.5907492449305838,
        "n": 2
      },
      "corrected": {
        "logloss": 1.5374018379928402,
        "brier": 0.4877363695456971,
        "auc": 0.0,
        "ece": 0.6302594851648919,
        "n": 2
      }
    },
    "corrected": {
      "legacy": {
        "logloss": 0.14441050032544095,
        "brier": 0.025063533039635082,
        "auc": NaN,
        "ece": 0.1297231960142981,
        "n": 2
      },
      "corrected": {
        "logloss": 0.235490422972064,
        "brier": 0.056629163921795504,
        "auc": NaN,
        "ece": 0.1991522795409904,
        "n": 2
      }
    }
  }
}